No authors that the critics recommended have ever received acknowledgment for a best-selling novel.,1,,,,,,,,,,,,,,
The authors that no critics recommended have ever received acknowledgment for a best-selling novel.,2,,,,,,,,,,,,,,
The authors that the critics did not recommend have ever received acknowledgment for a best-selling novel.,3,,,,,,,,,,,,,,
The authors that the critics recommended have ever received acknowledgment for a best-selling novel.,4,,,,,,,,,,,,,,
No soldiers that the diplomats supported have ever shown bravery in the controversial war.,1,,,,,,,,,,,,,,
The soldiers that no diplomats supported have ever shown bravery in the controversial war.,2,,,,,,,,,,,,,,
The soldiers that the diplomats did not support have ever shown bravery in the controversial war.,3,,,,,,,,,,,,,,
The soldiers that the diplomats supported have ever shown bravery in the controversial war.,4,,,,,,,,,,,,,,
No ambassadors that the diplomats consulted have ever seen brutality in the foreign war.,1,,,,,,,,,,,,,,
The ambassadors that no diplomats consulted have ever seen brutality in the foreign war.,2,,,,,,,,,,,,,,
The ambassadors that the diplomats did not consult have ever seen brutality in the foreign war.,3,,,,,,,,,,,,,,
The ambassadors that the diplomats consulted have ever seen brutality in the foreign war.,4,,,,,,,,,,,,,,
No professors that the students respected have ever wanted negativity in a class debate.,1,,,,,,,,,,,,,,
The professors that no students respected have ever wanted negativity in a class debate.,2,,,,,,,,,,,,,,
The professors that the students did not respect have ever wanted negativity in a class debate.,3,,,,,,,,,,,,,,
The professors that the students respected have ever wanted negativity in a class debate.,4,,,,,,,,,,,,,,
No customers that the salesmen assisted have ever expressed optimism for a full refund.,1,,,,,,,,,,,,,,
The customers that no salesmen assisted have ever expressed optimism for a full refund.,2,,,,,,,,,,,,,,
The customers that the salesmen did not assist have ever expressed optimism for a full refund.,3,,,,,,,,,,,,,,
The customers that the salesmen assisted have ever expressed optimism for a full refund.,4,,,,,,,,,,,,,,
No comments that the politicians ignored have ever caused bitterness toward the liberal newspapers.,1,,,,,,,,,,,,,,
The comments that no politicians ignored have ever caused bitterness toward the liberal newspapers.,2,,,,,,,,,,,,,,
The comments that the politicians did not ignore have ever caused bitterness toward the liberal newspapers.,3,,,,,,,,,,,,,,
The comments that the politicians ignored have ever caused bitterness toward the liberal newspapers.,4,,,,,,,,,,,,,,
No detergents that the housewives used have ever caused damage to the delicate clothing.,1,,,,,,,,,,,,,,
The detergents that no housewives used have ever caused damage to the delicate clothing.,2,,,,,,,,,,,,,,
The detergents that the housewives did not use have ever caused damage to the delicate clothing.,3,,,,,,,,,,,,,,
The detergents that the housewives used have ever caused damage to the delicate clothing.,4,,,,,,,,,,,,,,
No lawyers that the businessmen respected have ever received criticism for a bad trial.,1,,,,,,,,,,,,,,
The lawyers that no businessmen respected have ever received criticism for a bad trial.,2,,,,,,,,,,,,,,
The lawyers that the businessmen did not respect have ever received criticism for a bad trial.,3,,,,,,,,,,,,,,
The lawyers that the businessmen respected have ever received criticism for a bad trial.,4,,,,,,,,,,,,,,
No students that the teachers punished have ever expected friendliness from the strict principal.,1,,,,,,,,,,,,,,
The students that no teachers punished have ever expected friendliness from the strict principal.,2,,,,,,,,,,,,,,
The students that the teachers did not punish have ever expected friendliness from the strict principal.,3,,,,,,,,,,,,,,
The students that the teachers punished have ever expected friendliness from the strict principal.,4,,,,,,,,,,,,,,
 No babysitters that the children obeyed have ever expected gratitude from the disappointed parents.,1,,,,,,,,,,,,,,
 The babysitters that no children obeyed have ever expected gratitude from the disappointed parents.,2,,,,,,,,,,,,,,
 The babysitters that the children did not obey have ever expected gratitude from the disappointed parents.,3,,,,,,,,,,,,,,
 The babysitters that the children obeyed have ever expected gratitude from the disappointed parents.,4,,,,,,,,,,,,,,
 No actors that the fans recognized have ever experienced soreness after a dangerous stunt.,1,,,,,,,,,,,,,,
 The actors that no fans recognized have ever experienced soreness after a dangerous stunt.,2,,,,,,,,,,,,,,
 The actors that the fans did not recognize have ever experienced soreness after a dangerous stunt.,3,,,,,,,,,,,,,,
 The actors that the fans recognized have ever experienced soreness after a dangerous stunt.,4,,,,,,,,,,,,,,
 No teachers that the parents recommended have ever caused problems for the new students.,1,,,,,,,,,,,,,,
 The teachers that no parents recommended have ever caused problems for the new students.,2,,,,,,,,,,,,,,
 The teachers that the parents did not recommend have ever caused problems for the new students.,3,,,,,,,,,,,,,,
 The teachers that the parents recommended have ever caused problems for the new students.,4,,,,,,,,,,,,,,
 No students that the librarians helped have ever made progress on the difficult assignment.,1,,,,,,,,,,,,,,
 The students that no librarians helped have ever made progress on the difficult assignment.,2,,,,,,,,,,,,,,
 The students that the librarians did not help have ever made progress on the difficult assignment.,3,,,,,,,,,,,,,,
 The students that the librarians helped have ever made progress on the difficult assignment.,4,,,,,,,,,,,,,,
 No nurses that the doctors appreciated have ever shown patience in the operating room.,1,,,,,,,,,,,,,,
 The nurses that no doctors appreciated have ever shown patience in the operating room.,2,,,,,,,,,,,,,,
 The nurses that the doctors did not appreciate have ever shown patience in the operating room.,3,,,,,,,,,,,,,,
 The nurses that the doctors appreciated have ever shown patience in the operating room.,4,,,,,,,,,,,,,,
 No criminals that the policemen caught have ever felt satisfaction from a petty crime.,1,,,,,,,,,,,,,,
 The criminals that no policemen caught have ever felt satisfaction from a petty crime.,2,,,,,,,,,,,,,,
 The criminals that the policemen did not catch have ever felt satisfaction from a petty crime.,3,,,,,,,,,,,,,,
 The criminals that the policemen caught have ever felt satisfaction from a petty crime.,4,,,,,,,,,,,,,,
 No employees that the managers recommended have ever wanted kindness from the rude customers.,1,,,,,,,,,,,,,,
 The employees that no managers recommended have ever wanted kindness from the rude customers.,2,,,,,,,,,,,,,,
 The employees that the managers did not recommend have ever wanted kindness from the rude customers.,3,,,,,,,,,,,,,,
 The employees that the managers recommended have ever wanted kindness from the rude customers.,4,,,,,,,,,,,,,,
 No accountants that the managers trusted have ever seen rises in the quarterly profits.,1,,,,,,,,,,,,,,
 The accountants that no managers trusted have ever seen rises in the quarterly profits.,2,,,,,,,,,,,,,,
 The accountants that the managers did not trust have ever seen rises in the quarterly profits.,3,,,,,,,,,,,,,,
 The accountants that the managers trusted have ever seen rises in the quarterly profits.,4,,,,,,,,,,,,,,
 No candidates that the voters supported have ever shown friendliness to the rude journalists.,1,,,,,,,,,,,,,,
 The candidates that no voters supported have ever shown friendliness to the rude journalists.,2,,,,,,,,,,,,,,
 The candidates that the voters did not support have ever shown friendliness to the rude journalists.,3,,,,,,,,,,,,,,
 The candidates that the voters supported have ever shown friendliness to the rude journalists.,4,,,,,,,,,,,,,,
 No surgeons that the patients trusted have ever seen appreciation from the hospital staff.,1,,,,,,,,,,,,,,
 The surgeons that no patients trusted have ever seen appreciation from the hospital staff.,2,,,,,,,,,,,,,,
 The surgeons that the patients did not trust have ever seen appreciation from the hospital staff.,3,,,,,,,,,,,,,,
 The surgeons that the patients trusted have ever seen appreciation from the hospital staff.,4,,,,,,,,,,,,,,
 No suspects that the witnesses identified have ever shown nervousness in the court room.,1,,,,,,,,,,,,,,
 The suspects that no witnesses identified have ever shown nervousness in the court room.,2,,,,,,,,,,,,,,
 The suspects that the witnesses did not identify have ever shown nervousness in the court room.,3,,,,,,,,,,,,,,
 The suspects that the witnesses identified have ever shown nervousness in the court room.,4,,,,,,,,,,,,,,
 No actresses that the housewives admired have ever caused excitement at a film festival.,1,,,,,,,,,,,,,,
 The actresses that no housewives admired have ever caused excitement at a film festival.,2,,,,,,,,,,,,,,
 The actresses that the housewives did not admire have ever caused excitement at a film festival.,3,,,,,,,,,,,,,,
 The actresses that the housewives admired have ever caused excitement at a film festival.,4,,,,,,,,,,,,,,
 No ambassadors that the government consulted have ever received hostility from the liberal media.,1,,,,,,,,,,,,,,
 The ambassadors that no government consulted have ever received hostility from the liberal media.,2,,,,,,,,,,,,,,
 The ambassadors that the government did not consult have ever received hostility from the liberal media.,3,,,,,,,,,,,,,,
 The ambassadors that the government consulted have ever received hostility from the liberal media.,4,,,,,,,,,,,,,,
 No politicians that the journalists endorsed have ever earned trust from the rural communities.,1,,,,,,,,,,,,,,
 The politicians that no journalists endorsed have ever earned trust from the rural communities.,2,,,,,,,,,,,,,,
 The politicians that the journalists did not endorse have ever earned trust from the rural communities.,3,,,,,,,,,,,,,,
 The politicians that the journalists endorsed have ever earned trust from the rural communities.,4,,,,,,,,,,,,,,
 No teenagers that the parents trusted have ever expressed kindness to a younger sibling.,1,,,,,,,,,,,,,,
 The teenagers that no parents trusted have ever expressed kindness to a younger sibling.,2,,,,,,,,,,,,,,
 The teenagers that the parents did not trust have ever expressed kindness to a younger sibling.,3,,,,,,,,,,,,,,
 The teenagers that the parents trusted have ever expressed kindness to a younger sibling.,4,,,,,,,,,,,,,,
 No survivors that the medics treated have ever felt courage during the extreme emergency.,1,,,,,,,,,,,,,,
 The survivors that no medics treated have ever felt courage during the extreme emergency.,2,,,,,,,,,,,,,,
 The survivors that the medics did not treat have ever felt courage during the extreme emergency.,3,,,,,,,,,,,,,,
 The survivors that the medics treated have ever felt courage during the extreme emergency.,4,,,,,,,,,,,,,,
 No players that the coaches drafted have ever felt nervousness before a championship game.,1,,,,,,,,,,,,,,
 The players that no coaches drafted have ever felt nervousness before a championship game.,2,,,,,,,,,,,,,,
 The players that the coaches did not draft have ever felt nervousness before a championship game.,3,,,,,,,,,,,,,,
 The players that the coaches drafted have ever felt nervousness before a championship game.,4,,,,,,,,,,,,,,
 No dictators that the citizens trusted have ever caused chaos at a public event.,1,,,,,,,,,,,,,,
 The dictators that no citizens trusted have ever caused chaos at a public event.,2,,,,,,,,,,,,,,
 The dictators that the citizens did not trust have ever caused chaos at a public event.,3,,,,,,,,,,,,,,
 The dictators that the citizens trusted have ever caused chaos at a public event.,4,,,,,,,,,,,,,,
 No professors that the students understood have ever experienced tiredness after a long lecture.,1,,,,,,,,,,,,,,
 The professors that no students understood have ever experienced tiredness after a long lecture.,2,,,,,,,,,,,,,,
 The professors that the students did not understand have ever experienced tiredness after a long lecture.,3,,,,,,,,,,,,,,
 The professors that the students understood have ever experienced tiredness after a long lecture.,4,,,,,,,,,,,,,,
 No actors that the judges nominated have ever had luck at the award ceremonies.,1,,,,,,,,,,,,,,
 The actors that no judges nominated have ever had luck at the award ceremonies.,2,,,,,,,,,,,,,,
 The actors that the judges did not nominate have ever had luck at the award ceremonies.,3,,,,,,,,,,,,,,
 The actors that the judges nominated have ever had luck at the award ceremonies.,4,,,,,,,,,,,,,,
 No actresses that the directors auditioned have ever shown elegance on a large stage.,1,,,,,,,,,,,,,,
 The actresses that no directors auditioned have ever shown elegance on a large stage.,2,,,,,,,,,,,,,,
 The actresses that the directors did not audition have ever shown elegance on a large stage.,3,,,,,,,,,,,,,,
 The actresses that the directors auditioned have ever shown elegance on a large stage.,4,,,,,,,,,,,,,,
 No champions that the competitors defeated have ever shown humility after a big game.,1,,,,,,,,,,,,,,
 The champions that no competitors defeated have ever shown humility after a big game.,2,,,,,,,,,,,,,,
 The champions that the competitors did not defeat have ever shown humility after a big game.,3,,,,,,,,,,,,,,
 The champions that the competitors defeated have ever shown humility after a big game.,4,,,,,,,,,,,,,,
 No paintings that the collectors liked have ever depicted tranquility with very bright colors.,1,,,,,,,,,,,,,,
 The paintings that no collectors liked have ever depicted tranquility with very bright colors.,2,,,,,,,,,,,,,,
 The paintings that the collectors did not like have ever depicted tranquility with very bright colors.,3,,,,,,,,,,,,,,
 The paintings that the collectors liked have ever depicted tranquility with very bright colors.,4,,,,,,,,,,,,,,
 No editors that the journalists respected have ever had patience for a missed deadline.,1,,,,,,,,,,,,,,
 The editors that no journalists respected have ever had patience for a missed deadline.,2,,,,,,,,,,,,,,
 The editors that the journalists did not respect have ever had patience for a missed deadline.,3,,,,,,,,,,,,,,
 The editors that the journalists respected have ever had patience for a missed deadline.,4,,,,,,,,,,,,,,
 No teenagers that the teachers motivated have ever experienced loneliness in the large class.,1,,,,,,,,,,,,,,
 The teenagers that no teachers motivated have ever experienced loneliness in the large class.,2,,,,,,,,,,,,,,
 The teenagers that the teachers did not motivate have ever experienced loneliness in the large class.,3,,,,,,,,,,,,,,
 The teenagers that the teachers motivated have ever experienced loneliness in the large class.,4,,,,,,,,,,,,,,
 No students that the professors tutored have ever had trouble in a math class.,1,,,,,,,,,,,,,,
 The students that no professors tutored have ever had trouble in a math class.,2,,,,,,,,,,,,,,
 The students that the professors did not tutor have ever had trouble in a math class.,3,,,,,,,,,,,,,,
 The students that the professors tutored have ever had trouble in a math class.,4,,,,,,,,,,,,,,
 No movies that the children watched have ever depicted gore during a fight scene.,1,,,,,,,,,,,,,,
 The movies that no children watched have ever depicted gore during a fight scene.,2,,,,,,,,,,,,,,
 The movies that the children did not watch have ever depicted gore during a fight scene.,3,,,,,,,,,,,,,,
 The movies that the children watched have ever depicted gore during a fight scene.,4,,,,,,,,,,,,,,